<?xml version="1.0" encoding="UTF-8"?>
<configuration scan="true" scanPeriod="60 seconds" debug="false">
	
	<springProperty scope="context" name="clusterName" source="deployed.in.cluster" defaultValue="LOC"/>
	<springProperty scope="context" name="podName" source="deployed.pod.name" defaultValue="default"/>

	<contextName>demo-socket</contextName>
	
	<!--输出到控制台 -->
	<appender name="console" class="ch.qos.logback.core.ConsoleAppender">
		<encoder>
			<pattern>{"cluster":"${clusterName}","time":"%d{yyyy-MM-dd HH:mm:ss.SSS}","source":"gateway","level":"%level","thread":"%thread","class":"%logger{0}","msg":"%msg"}%n</pattern>
		</encoder>
	</appender>

	<root level="DEBUG">
        <appender-ref ref="console" />
    </root> 
	
</configuration>